video_name,emotion_label,tag,train or test
226.mp4,excited,hiphop,test
EXT_S1(0).mp4,excited,hiphop,test
EXT_TEST(0)-2-of-6.mp4,excited,pop,test
EXT_TEST(1)-5-of-6.mp4,excited,pop,test
FINAL_DL-Ext(0).mp4,excited,pop,test
MIX_TEST(0)-2-of-8.mp4,excited,pop,test
MIX_TEST(1)-4-of-6.mp4,excited,pop,test
MIX_TEST(5)-2-of-7.mp4,excited,hiphop,test
MIX_TEST(6)-3-of-8.mp4,excited,rock,test
MIX_TEST(9)-2-of-7.mp4,excited,pop,test
ORG_EXT(154).mp4,excited,pop,test
ORG_EXT(160).mp4,excited,pop,test
ORG_EXT(248).mp4,excited,pop,test
ORG_EXT(258).mp4,excited,pop,test
ORG_EXT(321).mp4,excited,hiphop,test
ORG_EXT(52).mp4,excited,pop,test
TEST_EXT(0)-2-of-9.mp4,excited,pop,test
TEST_EXT(1)-21-of-31.mp4,excited,disco,test
TEST_EXT(10)-32-of-98.mp4,excited,pop,test
TEST_EXT(10)-46-of-98.mp4,excited,pop,test
TEST_EXT(10)-85-of-98.mp4,excited,pop,test
TEST_EXT(10)-9-of-98.mp4,excited,pop,test
TEST_EXT(11)-2-of-56.mp4,excited,pop,test
TEST_EXT(12)-2-of-7.mp4,excited,pop,test
TEST_EXT(13)-70-of-72.mp4,excited,hiphop,test
TEST_EXT(15)-21-of-153.mp4,excited,pop,test
TEST_EXT(15)-34-of-153.mp4,excited,pop,test
TEST_EXT(15)-70-of-153.mp4,excited,pop,test
TEST_EXT(15)-8-of-153.mp4,excited,pop,test
TEST_EXT(17)-2-of-10.mp4,excited,pop,test
TEST_EXT(2)-17-of-19.mp4,excited,pop,test
TEST_EXT(20)-4-of-8.mp4,excited,pop,test
TEST_EXT(21)-6-of-13.mp4,excited,pop,test
TEST_EXT(23)-2-of-8.mp4,excited,pop,test
TEST_EXT(3)-2-of-9.mp4,excited,pop,test
TEST_EXT(4)-3-of-9.mp4,excited,pop,test
TEST_EXT(5)-2-of-8.mp4,excited,pop,test
TEST_EXT(7)-3-of-8.mp4,excited,pop,test
TEST_EXT(8)-2-of-11.mp4,excited,pop,test
TEST_EXT(9)-15-of-95.mp4,excited,pop,test
TEST_EXT(9)-25-of-95.mp4,excited,pop,test
TEST_EXT(9)-3-of-95.mp4,excited,hiphop,test
TEST_EXT(9)-45-of-95.mp4,excited,pop,test
TEST_EXT(9)-63-of-95.mp4,excited,hiphop,test
TEST_EXT(9)-89-of-95.mp4,excited,pop,test
TEST_MIX(6)-7-of-8.mp4,excited,pop,test
TEST_MIX(7)-8-of-10.mp4,excited,reggae,test
TEST_MIX(8)-2-of-7.mp4,excited,pop,test
TEST_MIX(9)-3-of-7.mp4,excited,disco,test
TT(5).mp4,excited,pop,test
FEAR_TEST(0)-13-of-15.mp4,fear,metal,test
FEAR_TEST(1)-8-of-10.mp4,fear,metal,test
FEAR_TEST(10)-4-of-12.mp4,fear,metal,test
FEAR_TEST(11)-6-of-8.mp4,fear,metal,test
FEAR_TEST(12)-9-of-12.mp4,fear,metal,test
FEAR_TEST(13)-2-of-8.mp4,fear,metal,test
FEAR_TEST(14)-3-of-9.mp4,fear,metal,test
FEAR_TEST(17)-6-of-7.mp4,fear,metal,test
FEAR_TEST(19)-4-of-11.mp4,fear,metal,test
FEAR_TEST(3)-8-of-10.mp4,fear,metal,test
FEAR_TEST(4)-6-of-7.mp4,fear,rock,test
FEAR_TEST(5)-3-of-8.mp4,fear,metal,test
FEAR_TEST(6)-10-of-12.mp4,fear,metal,test
FEAR_TEST(7)-10-of-12.mp4,fear,metal,test
FEAR_TEST(8)-9-of-10.mp4,fear,metal,test
FEAR_TEST(9)-8-of-9.mp4,fear,metal,test
LLT_HRR(43).mp4,fear,metal,test
TEST_FEAR(10)-9-of-11.mp4,fear,metal,test
TEST_FEAR(14)-4-of-6.mp4,fear,metal,test
TEST_FEAR(2)-7-of-8.mp4,fear,metal,test
TEST_FEAR(3)-8-of-9.mp4,fear,metal,test
TEST_FEAR(4)-9-of-11.mp4,fear,metal,test
TEST_FEAR(5)-6-of-9.mp4,fear,metal,test
TEST_FEAR(6)-3-of-7.mp4,fear,metal,test
TEST_FEAR(7)-7-of-8.mp4,fear,metal,test
TEST_FEAR(9)-7-of-8.mp4,fear,metal,test
DEAP_DB_NT(5).mp4,neutral,country,test
MIX_TEST(8)-3-of-8.mp4,neutral,pop,test
NTR_TEST(0)-4-of-5.mp4,neutral,classical,test
NTR_TEST(4)-3-of-12.mp4,neutral,classical,test
TEST_FEAR(12)-5-of-7.mp4,neutral,pop,test
TEST_MIX(0)-2-of-9.mp4,neutral,hiphop,test
TEST_MIX(2)-3-of-8.mp4,neutral,pop,test
TEST_MIX(3)-6-of-9.mp4,neutral,pop,test
TEST_MIX(4)-3-of-9.mp4,neutral,pop,test
TEST_NTR(0)-5-of-13.mp4,neutral,disco,test
TEST_NTR(1)-2-of-8.mp4,neutral,pop,test
TEST_NTR(2)-8-of-10.mp4,neutral,hiphop,test
TEST_NTR(3)-2-of-8.mp4,neutral,reggae,test
TEST_NTR(5)-2-of-6.mp4,neutral,pop,test
TEST_NTR(6)-3-of-9.mp4,neutral,classical,test
VAL_TH(0).mp4,neutral,pop,test
VAL_TH(11).mp4,neutral,jazz,test
VAL_TH(12).mp4,neutral,reggae,test
VAL_TH(16).mp4,neutral,jazz,test
VAL_TH(17).mp4,neutral,blues,test
VAL_TH(23).mp4,neutral,jazz,test
VAL_TH(28).mp4,neutral,blues,test
VAL_TH(29).mp4,neutral,pop,test
VAL_TH(35).mp4,neutral,classical,test
VAL_TH(39).mp4,neutral,reggae,test
VAL_TH(41).mp4,neutral,blues,test
VAL_TH(42).mp4,neutral,jazz,test
VAL_TH(44).mp4,neutral,pop,test
VAL_TH(47).mp4,neutral,reggae,test
VAL_TH(48).mp4,neutral,hiphop,test
VAL_TH(49).mp4,neutral,disco,test
VAL_TH(53).mp4,neutral,blues,test
VAL_TH(54).mp4,neutral,hiphop,test
VAL_TH(60).mp4,neutral,pop,test
VAL_TH(65).mp4,neutral,reggae,test
VAL_TH(66).mp4,neutral,reggae,test
VAL_TH(71).mp4,neutral,blues,test
VAL_TH(72).mp4,neutral,blues,test
VAL_TH(78).mp4,neutral,pop,test
VAL_TH(83).mp4,neutral,hiphop,test
VAL_TH(84).mp4,neutral,country,test
VAL_TH(89).mp4,neutral,blues,test
VAL_TH(120).mp4,neutral,country,test
VAL_TH(90).mp4,neutral,pop,test
VAL_TH(101).mp4,neutral,blues,test
VAL_TH(102).mp4,neutral,pop,test
VAL_TH(114).mp4,neutral,jazz,test
VAL_TH(119).mp4,neutral,blues,test
VAL_TH(107).mp4,neutral,pop,test
VAL_TH(96).mp4,neutral,pop,test
LLT_COLLT_RLX(19).mp4,relaxation,classical,test
LLT_DL(16)-2-of-5.mp4,relaxation,classical,test
ORG_NEUTRAL(31).mp4,relaxation,pop,test
ORG_RLX(133).mp4,relaxation,classical,test
ORG_RLX(194).mp4,relaxation,classical,test
Rellx_FINAL_DL(158).mp4,relaxation,classical,test
Rellx_FINAL_DL(20).mp4,relaxation,pop,test
REVIEW_RLX(51).mp4,relaxation,classical,test
TEST_MIX(5)-2-of-40.mp4,relaxation,classical,test
TEST_MV(29)-99-of-124.mp4,relaxation,classical,test
TEST_MV(48)-5-of-17.mp4,relaxation,classical,test
TEST_MV(52)-10-of-25.mp4,relaxation,classical,test
TEST_RELX(0)-2-of-7.mp4,relaxation,pop,test
TEST_RELX(1)-2-of-7.mp4,relaxation,pop,test
TEST_RELX(10)-11-of-21.mp4,relaxation,classical,test
TEST_RELX(10)-3-of-21.mp4,relaxation,classical,test
TEST_RELX(11)-3-of-13.mp4,relaxation,classical,test
TEST_RELX(12)-3-of-12.mp4,relaxation,classical,test
TEST_RELX(14)-2-of-8.mp4,relaxation,classical,test
TEST_RELX(16)-2-of-6.mp4,relaxation,pop,test
TEST_RELX(17)-3-of-16.mp4,relaxation,classical,test
TEST_RELX(18)-2-of-8.mp4,relaxation,jazz,test
TEST_RELX(19)-9-of-14.mp4,relaxation,jazz,test
TEST_RELX(2)-2-of-20.mp4,relaxation,reggae,test
TEST_RELX(20)-17-of-54.mp4,relaxation,classical,test
TEST_RELX(21)-2-of-8.mp4,relaxation,pop,test
TEST_RELX(22)-2-of-7.mp4,relaxation,classical,test
TEST_RELX(23)-2-of-22.mp4,relaxation,classical,test
TEST_RELX(24)-2-of-11.mp4,relaxation,classical,test
TEST_RELX(25)-16-of-18.mp4,relaxation,classical,test
TEST_RELX(28)-2-of-9.mp4,relaxation,classical,test
TEST_RELX(29)-2-of-18.mp4,relaxation,classical,test
TEST_RELX(30)-3-of-11.mp4,relaxation,classical,test
TEST_RELX(32)-2-of-7.mp4,relaxation,classical,test
TEST_RELX(33)-2-of-11.mp4,relaxation,classical,test
TEST_RELX(35)-4-of-80.mp4,relaxation,reggae,test
TEST_RELX(35)-64-of-80.mp4,relaxation,classical,test
TEST_RELX(36)-2-of-7.mp4,relaxation,classical,test
TEST_RELX(38)-9-of-10.mp4,relaxation,jazz,test
TEST_RELX(39)-3-of-14.mp4,relaxation,classical,test
TEST_RELX(4)-2-of-8.mp4,relaxation,classical,test
TEST_RELX(41)-3-of-12.mp4,relaxation,classical,test
TEST_RELX(42)-2-of-17.mp4,relaxation,classical,test
TEST_RELX(43)-16-of-34.mp4,relaxation,classical,test
TEST_RELX(44)-2-of-5.mp4,relaxation,classical,test
TEST_RELX(45)-7-of-8.mp4,relaxation,pop,test
TEST_RELX(6)-13-of-15.mp4,relaxation,jazz,test
TEST_RELX(7)-2-of-9.mp4,relaxation,classical,test
TEST_RELX(9)-2-of-17.mp4,relaxation,classical,test
TT(2).mp4,relaxation,classical,test
DEAP_DBW_SAD(4).mp4,sad,pop,test
DEAP_DB_SADD(5).mp4,sad,blues,test
EXT_TEST(2)-10-of-13.mp4,sad,pop,test
FEAR_TEST(16)-8-of-9.mp4,sad,pop,test
FINAL_DL(58)-9-of-27.mp4,sad,pop,test
FINAL_DL(62)-4-of-10.mp4,sad,pop,test
FINAL_DL(81)-21-of-37.mp4,sad,pop,test
FINAL_DL(82)-5-of-8.mp4,sad,pop,test
FINAL_DL(90).mp4,sad,hiphop,test
FINAL_DL_Sad(23).mp4,sad,classical,test
FINAL_DL_Sad(31).mp4,sad,blues,test
MIX_TEST(2)-2-of-9.mp4,sad,pop,test
MIX_TEST(3)-8-of-10.mp4,sad,pop,test
MIX_TEST(7)-7-of-10.mp4,sad,pop,test
ORG_SAD(128).mp4,sad,pop,test
ORG_SAD(153).mp4,sad,pop,test
ORG_SAD(253).mp4,sad,pop,test
ORG_SAD(40).mp4,sad,pop,test
ORG_SAD(5).mp4,sad,pop,test
ORG_SAD(95).mp4,sad,pop,test
REVIEW_SAD (19).mp4,sad,blues,test
REVIEW_SAD (47).mp4,sad,hiphop,test
SAD_TEST(11)-7-of-8.mp4,sad,pop,test
SAD_TEST(12)-2-of-9.mp4,sad,pop,test
SAD_TEST(13)-8-of-10.mp4,sad,blues,test
SAD_TEST(15)-11-of-12.mp4,sad,hiphop,test
SAD_TEST(16)-6-of-8.mp4,sad,pop,test
SAD_TEST(2)-2-of-6.mp4,sad,classical,test
SAD_TEST(5)-8-of-9.mp4,sad,pop,test
SAD_TEST(6)-7-of-9.mp4,sad,pop,test
SAD_TEST(9)-9-of-10.mp4,sad,pop,test
TEST_MIX(1)-3-of-7.mp4,sad,blues,test
TEST_SAD(0)-2-of-9.mp4,sad,pop,test
TEST_SAD(1)-7-of-8.mp4,sad,pop,test
TEST_SAD(11)-3-of-8.mp4,sad,pop,test
TEST_SAD(13)-3-of-13.mp4,sad,blues,test
TEST_SAD(14)-8-of-14.mp4,sad,reggae,test
TEST_SAD(19)-6-of-7.mp4,sad,pop,test
TEST_SAD(20)-6-of-7.mp4,sad,pop,test
TEST_SAD(22)-9-of-10.mp4,sad,pop,test
TEST_SAD(23)-2-of-8.mp4,sad,pop,test
TEST_SAD(27)-2-of-9.mp4,sad,pop,test
TEST_SAD(28)-3-of-10.mp4,sad,jazz,test
TEST_SAD(29)-8-of-10.mp4,sad,blues,test
TEST_SAD(3)-6-of-8.mp4,sad,pop,test
TEST_SAD(33)-5-of-8.mp4,sad,pop,test
TEST_SAD(34)-8-of-9.mp4,sad,country,test
TEST_SAD(5)-6-of-8.mp4,sad,blues,test
TEST_TENS_NN(12)-8-of-9.mp4,sad,pop,test
TEST_TENS_NN(2)-2-of-8.mp4,sad,pop,test
LLT_TENS(13)-4-of-11.mp4,tension,hiphop,test
LLT_TENS(14)-3-of-9.mp4,tension,hiphop,test
LLT_TENS(15)-4-of-11.mp4,tension,hiphop,test
TENS_LLT(6)-7-of-10.mp4,tension,hiphop,test
TENS_MM(13)-4-of-6.mp4,tension,hiphop,test
TENS_MM(17)-3-of-12.mp4,tension,hiphop,test
TENS_MM(3)-4-of-9.mp4,tension,hiphop,test
TENS_MM(7)-4-of-7.mp4,tension,hiphop,test
TEST_FEAR(13)-4-of-8.mp4,tension,pop,test
TEST_TENS(0)-2-of-81.mp4,tension,hiphop,test
TEST_TENS(1)-2-of-8.mp4,tension,metal,test
TEST_TENS(11)-2-of-7.mp4,tension,hiphop,test
TEST_TENS(12)-2-of-6.mp4,tension,hiphop,test
TEST_TENS(15)-2-of-8.mp4,tension,hiphop,test
TEST_TENS(2)-3-of-11.mp4,tension,hiphop,test
TEST_TENS(23)-11-of-13.mp4,tension,pop,test
TEST_TENS(25)-3-of-7.mp4,tension,hiphop,test
TEST_TENS(28)-8-of-10.mp4,tension,hiphop,test
TEST_TENS(3)-9-of-10.mp4,tension,hiphop,test
TEST_TENS(30)-8-of-9.mp4,tension,hiphop,test
TEST_TENS(32)-7-of-9.mp4,tension,metal,test
TEST_TENS(6)-7-of-8.mp4,tension,hiphop,test
TEST_TENS_NN(5)-2-of-5.mp4,tension,hiphop,test
TEST_TENS_NN(8)-4-of-7.mp4,tension,hiphop,test
TEST_TENS_NN(9)-2-of-12.mp4,tension,hiphop,test
ORG_FEAR(45).mp4,fear,rock,train
98.mp4,fear,metal,train
DEAP_DB_HR(49).mp4,fear,metal,train
DEAP_DP_TENSxx(4).mp4,fear,metal,train
FINAL_DL(105)-3-of-12.mp4,fear,hiphop,train
FINAL_DL(115)-8-of-8.mp4,fear,metal,train
FINAL_DL(119)-11-of-11.mp4,fear,blues,train
FINAL_DL_Fear(19).mp4,fear,rock,train
FINAL_DL_Fear(77).mp4,fear,rock,train
FINAL_DL_Fearr(46).mp4,fear,rock,train
LLT_FEAR(8)-4-of-8.mp4,fear,rock,train
LLT_HRR(33).mp4,fear,rock,train
ORG_FEAR(76).mp4,fear,rock,train
ORG_FEAR(139).mp4,fear,rock,train
ORG_FEAR(206).mp4,fear,rock,train
ORG_FEAR(262).mp4,fear,rock,train
ORG_FEAR(292).mp4,fear,rock,train
ORG_FEAR(294).mp4,fear,rock,train
TENS_HE(46)-4-of-7.mp4,fear,metal,train
TENS_MM(11)-6-of-7.mp4,fear,metal,train
TEST_EXT(22)-7-of-9.mp4,fear,hiphop,train
TEST_FEAR(0)-9-of-10.mp4,fear,metal,train
TEST_FEAR(1)-6-of-8.mp4,fear,metal,train
TEST_MV(70)-4-of-9.mp4,fear,metal,train
DEAP_DP_TENSMM(3).mp4,tension,metal,train
FINAL_DL(3).mp4,tension,pop,train
LLT_TENS(0).mp4,tension,rock,train
LLT_TENS(2)-4-of-9.mp4,tension,hiphop,train
LLT_TENS(4)-5-of-14.mp4,tension,hiphop,train
LLT_TENS(5)-7-of-10.mp4,tension,hiphop,train
LLT_TENS(6)-7-of-9.mp4,tension,hiphop,train
LLT_TENS(8)-3-of-5.mp4,tension,hiphop,train
LLT_TENS(10)-1-of-9.mp4,tension,hiphop,train
LLT_TENS(10)-5-of-9.mp4,tension,hiphop,train
LLT_TENS(11)-8-of-10.mp4,tension,hiphop,train
ORG_TENS(21).mp4,tension,pop,train
ORG_TENS(53).mp4,tension,hiphop,train
ORG_TENS(56).mp4,tension,hiphop,train
ORG_TENS(140).mp4,tension,rock,train
ORG_TENS(206).mp4,tension,hiphop,train
ORG_TENS(243).mp4,tension,rock,train
REVIEW_TENS(66).mp4,tension,metal,train
TENS_LLT(40)).mp4,tension,hiphop,train
TENS_LLT(48)).mp4,tension,hiphop,train
TENS_LLT(60)).mp4,tension,hiphop,train
TEST_MV(0)-5-of-8.mp4,tension,rock,train
TEST_MV(39)-6-of-10.mp4,tension,hiphop,train
TEST_MV(86)-5-of-8.mp4,tension,hiphop,train
TT(7).mp4,tension,hiphop,train
TEST_EXT(9)-2-of-95.mp4,excited,pop,train
TEST_EXT(15)-82-of-153.mp4,excited,pop,train
TEST_EXT(15)-93-of-153.mp4,excited,pop,train
TEST_EXT(15)-102-of-153.mp4,excited,pop,train
TEST_EXT(15)-108-of-153.mp4,excited,pop,train
TEST_EXT(15)-115-of-153.mp4,excited,pop,train
TEST_EXT(15)-125-of-153.mp4,excited,pop,train
TEST_EXT(15)-128-of-153.mp4,excited,hiphop,train
TEST_EXT(15)-130-of-153.mp4,excited,hiphop,train
TEST_EXT(15)-144-of-153.mp4,excited,pop,train
TEST_EXT(15)-152-of-153.mp4,excited,pop,train
TEST_EXT(16)-2-of-84.mp4,excited,disco,train
TEST_EXT(16)-13-of-84.mp4,excited,disco,train
TEST_EXT(16)-22-of-84.mp4,excited,disco,train
TEST_EXT(16)-27-of-84.mp4,excited,disco,train
TEST_EXT(16)-39-of-84.mp4,excited,disco,train
DEAP_DB_HR(4).mp4,fear,metal,train
DEAP_DB_HR(12).mp4,fear,metal,train
DEAP_DP_TENSMM(22).mp4,fear,metal,train
FEAR_TEST(0)-6-of-15.mp4,fear,metal,train
FEAR_TEST(2)-2-of-8.mp4,fear,metal,train
FEAR_TEST(6)-6-of-12.mp4,fear,metal,train
FEAR_TEST(8)-2-of-10.mp4,fear,metal,train
FEAR_TEST(10)-7-of-12.mp4,fear,metal,train
FEAR_TEST(11)-4-of-8.mp4,fear,metal,train
FEAR_TEST(13)-7-of-8.mp4,fear,metal,train
FEAR_TEST(14)-6-of-9.mp4,fear,rock,train
FEAR_TEST(15)-11-of-12.mp4,fear,metal,train
FEAR_TEST(18)-4-of-7.mp4,fear,metal,train
LLT_FEAR(6)-2-of-19.mp4,fear,metal,train
LLT_FEAR(7)-5-of-8.mp4,fear,rock,train
TENS_LLT(8)-5-of-8.mp4,fear,hiphop,train
DEAP_DB_EXTT(0).mp4,neutral,pop,train
DEAP_DB_EXTT(19).mp4,neutral,pop,train
DEAP_DB_HR(5).mp4,neutral,pop,train
DEAP_DB_NT(9).mp4,neutral,pop,train
DEAP_DB_NT(12).mp4,neutral,country,train
DEAP_DB_NT(24).mp4,neutral,country,train
DEAP_DB_NT(26).mp4,neutral,country,train
DEAP_DB_NT(28).mp4,neutral,country,train
DEAP_DB_NT(30).mp4,neutral,country,train
DEAP_DBW_EXT(15).mp4,neutral,jazz,train
DEAP_DBW_NTR(6).mp4,neutral,pop,train
DEAP_DBW_NTR(7).mp4,neutral,country,train
DEAP_DBW_NTR(9).mp4,neutral,jazz,train
DEAP_DBW_NTR(11).mp4,neutral,pop,train
DEAP_DBW_NTR(12).mp4,neutral,country,train
HAPPY_HEA(139)-4-of-9.mp4,neutral,jazz,train
HAPPY_HEA(153)-7-of-8.mp4,neutral,pop,train
DEAP_DB_NT(14).mp4,relaxation,country,train
DEAP_DB_NT(16).mp4,relaxation,country,train
DEAP_DB_REL(4).mp4,relaxation,pop,train
DEAP_DB_REL(5).mp4,relaxation,pop,train
DEAP_DB_REL(6).mp4,relaxation,blues,train
DEAP_DB_REL(7).mp4,relaxation,classical,train
DEAP_DB_REL(21).mp4,relaxation,jazz,train
DEAP_DB_REL(34).mp4,relaxation,classical,train
DEAP_DB_REL(35).mp4,relaxation,classical,train
DEAP_DBW_RELX(11).mp4,relaxation,jazz,train
DEAP_DBW_RELX(14).mp4,relaxation,rock,train
LLT_DL(3)-2-of-6.mp4,relaxation,classical,train
LLT_DL(3)-5-of-6.mp4,relaxation,classical,train
LLT_DL(16)-4-of-5.mp4,relaxation,classical,train
Rellx_FINAL_DL(109).mp4,relaxation,classical,train
FINAL_DL(75)-8-of-8.mp4,sad,classical,train
FINAL_DL_Sad(75).mp4,sad,pop,train
SAAD_FINAL_DL(23).mp4,sad,pop,train
SAAD_NN(0)-2-of-10.mp4,sad,pop,train
SAAD_NN(0)-8-of-10.mp4,sad,pop,train
SAAD_NN(1)-2-of-7.mp4,sad,pop,train
SAAD_NN(1)-5-of-7.mp4,sad,pop,train
SAAD_NN(2)-2-of-11.mp4,sad,pop,train
SAAD_NN(2)-9-of-11.mp4,sad,rock,train
SAAD_NN(3)-10-of-16.mp4,sad,pop,train
SAAD_NN(3)-11-of-16.mp4,sad,classical,train
Sad_FINAL_DL(58).mp4,sad,pop,train
SAD_LLT(14)-7-of-8.mp4,sad,pop,train
SAD_LLT(19)-2-of-10.mp4,sad,pop,train
SAD_LLT(31)-162-of-228.mp4,sad,reggae,train
SAD_LLT(31)-170-of-228.mp4,sad,reggae,train
LLT_TENS(15)-10-of-11.mp4,tension,hiphop,train
TENS_MM(6)-7-of-8.mp4,tension,hiphop,train
TENS_MM(7)-6-of-7.mp4,tension,hiphop,train
TENS_MM(8)-4-of-11.mp4,tension,hiphop,train
TENS_MM(8)-8-of-11.mp4,tension,hiphop,train
TENS_MM(8)-9-of-11.mp4,tension,hiphop,train
TENS_MM(9)-3-of-8.mp4,tension,blues,train
TENS_MM(9)-6-of-8.mp4,tension,blues,train
TENS_MM(10)-2-of-8.mp4,tension,hiphop,train
TENS_MM(12)-2-of-8.mp4,tension,hiphop,train
TENS_MM(12)-4-of-8.mp4,tension,hiphop,train
TENS_MM(12)-7-of-8.mp4,tension,hiphop,train
TENS_MM(13)-2-of-6.mp4,tension,hiphop,train
TENS_MM(13)-5-of-6.mp4,tension,hiphop,train
TENS_MM(14)-5-of-7.mp4,tension,hiphop,train
TENS_MM(14)-2-of-7.mp4,tension,hiphop,train
DEAP_DB_EX(3).mp4,excited,pop,train
DEAP_DB_EX(22).mp4,excited,reggae,train
DEAP_DB_EX(23).mp4,excited,reggae,train
DEAP_DB_EX(25).mp4,excited,pop,train
DEAP_DB_EX(26).mp4,excited,pop,train
DEAP_DB_EX(28).mp4,excited,pop,train
DEAP_DB_EX(29).mp4,excited,pop,train
DEAP_DB_EXTT(1).mp4,excited,pop,train
DEAP_DB_EXTT(3).mp4,excited,rock,train
DEAP_DB_EXTT(5).mp4,excited,hiphop,train
DEAP_DB_EXTT(8).mp4,excited,hiphop,train
DEAP_DB_EXTT(15).mp4,excited,pop,train
DEAP_DB_EXTT(16).mp4,excited,rock,train
DEAP_DB_EXTT(18).mp4,excited,rock,train
DEAP_DBW_EXT(9).mp4,excited,pop,train
DEAP_DBW_EXT(10).mp4,excited,pop,train
DEAP_DBW_EXT(11).mp4,excited,pop,train
DEAP_DBW_EXT(12).mp4,excited,pop,train
DEAP_DBW_EXT(18).mp4,excited,pop,train
DEAP_DBW_EXT(20).mp4,excited,pop,train
DEAP_DBW_EXT(22).mp4,excited,pop,train
DEAP_DBW_EXT(23).mp4,excited,rock,train
DEAP_DBW_EXT(30).mp4,excited,pop,train
EXT_S1(3).mp4,excited,rock,train
EXT_S1(4).mp4,excited,pop,train
TEST_EXT(1)-29-of-31.mp4,excited,pop,train
TEST_EXT(2)-13-of-19.mp4,excited,pop,train
TEST_EXT(9)-10-of-95.mp4,excited,pop,train
TEST_EXT(9)-23-of-95.mp4,excited,pop,train
TEST_EXT(9)-31-of-95.mp4,excited,pop,train
TEST_EXT(9)-36-of-95.mp4,excited,pop,train
TEST_EXT(9)-52-of-95.mp4,excited,pop,train
TEST_EXT(9)-56-of-95.mp4,excited,pop,train
TEST_EXT(9)-60-of-95.mp4,excited,pop,train
TEST_EXT(9)-69-of-95.mp4,excited,pop,train
TEST_EXT(9)-73-of-95.mp4,excited,pop,train
TEST_EXT(9)-78-of-95.mp4,excited,pop,train
TEST_EXT(9)-85-of-95.mp4,excited,pop,train
TEST_EXT(9)-94-of-95.mp4,excited,pop,train
TEST_EXT(10)-2-of-98.mp4,excited,pop,train
TEST_EXT(10)-12-of-98.mp4,excited,pop,train
TEST_EXT(10)-16-of-98.mp4,excited,pop,train
TEST_EXT(10)-21-of-98.mp4,excited,pop,train
TEST_EXT(10)-26-of-98.mp4,excited,pop,train
TEST_EXT(10)-50-of-98.mp4,excited,pop,train
TEST_EXT(10)-64-of-98.mp4,excited,pop,train
TEST_EXT(10)-76-of-98.mp4,excited,pop,train
TEST_EXT(10)-81-of-98.mp4,excited,pop,train
TEST_EXT(10)-94-of-98.mp4,excited,pop,train
TEST_EXT(11)-7-of-56.mp4,excited,hiphop,train
TEST_EXT(11)-14-of-56.mp4,excited,pop,train
TEST_EXT(11)-21-of-56.mp4,excited,pop,train
TEST_EXT(11)-25-of-56.mp4,excited,hiphop,train
TEST_EXT(11)-32-of-56.mp4,excited,pop,train
TEST_EXT(11)-51-of-56.mp4,excited,pop,train
TEST_EXT(13)-3-of-72.mp4,excited,pop,train
TEST_EXT(13)-30-of-72.mp4,excited,pop,train
TEST_EXT(13)-33-of-72.mp4,excited,pop,train
TEST_EXT(13)-35-of-72.mp4,excited,pop,train
TEST_EXT(13)-59-of-72.mp4,excited,pop,train
TEST_EXT(13)-64-of-72.mp4,excited,pop,train
TEST_EXT(15)-4-of-153.mp4,excited,pop,train
TEST_EXT(15)-11-of-153.mp4,excited,pop,train
TEST_EXT(15)-16-of-153.mp4,excited,pop,train
TEST_EXT(15)-26-of-153.mp4,excited,hiphop,train
TEST_EXT(15)-43-of-153.mp4,excited,pop,train
TEST_EXT(15)-46-of-153.mp4,excited,pop,train
TEST_EXT(15)-50-of-153.mp4,excited,pop,train
TEST_EXT(15)-55-of-153.mp4,excited,pop,train
TEST_EXT(15)-75-of-153.mp4,excited,pop,train
TEST_EXT(15)-88-of-153.mp4,excited,pop,train
TEST_MV(20)-2-of-8.mp4,excited,pop,train
TEST_RELX(15)-4-of-9.mp4,excited,pop,train
TEST_RELX(15)-7-of-9.mp4,excited,pop,train
DEAP_DB_FEARR(3).mp4,fear,metal,train
DEAP_DB_HR(6).mp4,fear,rock,train
FINAL_DL_Fear(1).mp4,fear,rock,train
FINAL_DL_Fear(16).mp4,fear,rock,train
FINAL_DL_Fear(56).mp4,fear,pop,train
FINAL_FEAR(20).mp4,fear,rock,train
LLT_DL(6)-2-of-8.mp4,fear,rock,train
LLT_DL(8)-2-of-9.mp4,fear,rock,train
LLT_DL(8)-5-of-9.mp4,fear,rock,train
LLT_DL(9)-3-of-6.mp4,fear,rock,train
LLT_DL(9)-5-of-6.mp4,fear,rock,train
LLT_DL(10)-2-of-10.mp4,fear,metal,train
LLT_DL(10)-4-of-10.mp4,fear,metal,train
LLT_DL(10)-9-of-10.mp4,fear,metal,train
LLT_DL(11)-6-of-7.mp4,fear,rock,train
LLT_DL(12)-2-of-7.mp4,fear,pop,train
LLT_DL(12)-4-of-7.mp4,fear,pop,train
LLT_DL(12)-6-of-7.mp4,fear,pop,train
LLT_DL(13)-3-of-9.mp4,fear,classical,train
LLT_DL(13)-6-of-9.mp4,fear,classical,train
LLT_DL(14)-4-of-9.mp4,fear,metal,train
LLT_DL(14)-8-of-9.mp4,fear,metal,train
LLT_DL(15)-4-of-6.mp4,fear,metal,train
LLT_DL(17)-2-of-9.mp4,fear,hiphop,train
LLT_DL(17)-5-of-9.mp4,fear,hiphop,train
LLT_DL(17)-8-of-9.mp4,fear,hiphop,train
LLT_FEAR(1)-5-of-6.mp4,fear,rock,train
LLT_FEAR(3)-2-of-8.mp4,fear,rock,train
LLT_FEAR(3)-5-of-8.mp4,fear,rock,train
LLT_FEAR(3)-7-of-8.mp4,fear,rock,train
LLT_FEAR(4)-5-of-9.mp4,fear,rock,train
LLT_FEAR(4)-7-of-9.mp4,fear,rock,train
LLT_FEAR(5)-3-of-9.mp4,fear,rock,train
LLT_FEAR(5)-6-of-9.mp4,fear,rock,train
LLT_FEAR(5)-8-of-9.mp4,fear,rock,train
LLT_FEAR(6)-4-of-19.mp4,fear,metal,train
LLT_FEAR(6)-10-of-19.mp4,fear,metal,train
LLT_FEAR(9)-2-of-6.mp4,fear,metal,train
LLT_FEAR(9)-5-of-6.mp4,fear,metal,train
LLT_FEAR(10)-6-of-9.mp4,fear,metal,train
LLT_FEAR(10)-8-of-9.mp4,fear,metal,train
LLT_FEAR(11)-7-of-8.mp4,fear,rock,train
LLT_TENS(4)-4-of-14.mp4,fear,hiphop,train
LLT_TENS(4)-6-of-14.mp4,fear,hiphop,train
LLT_TENS(4)-11-of-14.mp4,fear,hiphop,train
TENS_LLT(8)-7-of-8.mp4,fear,hiphop,train
DEAP_DB_NT(0).mp4,neutral,pop,train
DEAP_DB_NT(1).mp4,neutral,pop,train
DEAP_DB_NT(3).mp4,neutral,pop,train
DEAP_DB_NT(6).mp4,neutral,rock,train
DEAP_DB_NT(8).mp4,neutral,pop,train
DEAP_DB_NT(10).mp4,neutral,pop,train
DEAP_DB_NT(13).mp4,neutral,pop,train
DEAP_DB_NT(18).mp4,neutral,country,train
DEAP_DB_NT(19).mp4,neutral,country,train
DEAP_DB_NT(20).mp4,neutral,rock,train
DEAP_DB_NT(22).mp4,neutral,pop,train
DEAP_DB_NT(23).mp4,neutral,pop,train
DEAP_DB_NT(37).mp4,neutral,pop,train
DEAP_DB_NT(39).mp4,neutral,rock,train
DEAP_DB_NT(41).mp4,neutral,rock,train
DEAP_DB_NT(42).mp4,neutral,rock,train
DEAP_DB_NT(47).mp4,neutral,pop,train
DEAP_DB_NT(48).mp4,neutral,rock,train
DEAP_DB_NT(50).mp4,neutral,rock,train
DEAP_DB_NT(51).mp4,neutral,rock,train
DEAP_DB_NT(53).mp4,neutral,rock,train
DEAP_DB_NTRL(0).mp4,neutral,rock,train
DEAP_DB_NTRL(2).mp4,neutral,rock,train
DEAP_DB_NTRL(4).mp4,neutral,rock,train
DEAP_DB_NTRL(5).mp4,neutral,rock,train
DEAP_DB_NTRL(6).mp4,neutral,rock,train
DEAP_DB_NTRL(8).mp4,neutral,rock,train
DEAP_DB_NTRL(10).mp4,neutral,pop,train
DEAP_DB_REL(0).mp4,neutral,pop,train
DEAP_DB_REL(1).mp4,neutral,pop,train
DEAP_DB_REL(2).mp4,neutral,pop,train
DEAP_DB_REL(8).mp4,neutral,rock,train
DEAP_DB_REL(16).mp4,neutral,rock,train
DEAP_DB_REL(18).mp4,neutral,rock,train
DEAP_DBW_NTR(35).mp4,neutral,rock,train
DEAP_DBW_NTR(36).mp4,neutral,rock,train
DEAP_DBW_NTR(38).mp4,neutral,rock,train
DEAP_DBW_RELX(15).mp4,neutral,rock,train
DEAP_DBW_RELX(16).mp4,neutral,rock,train
DEAP_DBW_RELX(18).mp4,neutral,rock,train
DEAP_DBW_RELX(41).mp4,neutral,blues,train
DEAP_DBW_RELX(42).mp4,neutral,blues,train
DEAP_DBW_RELX(43).mp4,neutral,blues,train
DEAP_DBW_RELX(45).mp4,neutral,pop,train
DEAP_DBW_RELX(46).mp4,neutral,pop,train
DEAP_DBW_RELX(48).mp4,neutral,pop,train
HAPPY_HEA(117)-7-of-8.mp4,neutral,pop,train
HAPPY_HEA(144)-2-of-4.mp4,neutral,pop,train
HAPPY_HEA(158)-5-of-12.mp4,neutral,pop,train
HPY_NTR_ADD(33).mp4,neutral,pop,train
REVIEW_NTRL(9).mp4,neutral,blues,train
REVIEW_NTRL(19).mp4,neutral,rock,train
TEST_MV(59)-6-of-7.mp4,neutral,pop,train
VAL_TH(5).mp4,neutral,country,train
VAL_TH(6).mp4,neutral,rock,train
VAL_TH(18).mp4,neutral,rock,train
DEAP_DB_REL(3).mp4,relaxation,pop,train
DEAP_DB_REL(12).mp4,relaxation,rock,train
DEAP_DB_REL(19).mp4,relaxation,pop,train
DEAP_DB_REL(20).mp4,relaxation,pop,train
DEAP_DB_REL(24).mp4,relaxation,rock,train
DEAP_DB_REL(26).mp4,relaxation,rock,train
DEAP_DB_REL(28).mp4,relaxation,rock,train
DEAP_DB_REL(29).mp4,relaxation,blues,train
DEAP_DB_REL(51).mp4,relaxation,pop,train
DEAP_DB_REL(52).mp4,relaxation,classical,train
DEAP_DB_REL(53).mp4,relaxation,pop,train
DEAP_DB_REL(54).mp4,relaxation,rock,train
DEAP_DB_REL(55).mp4,relaxation,rock,train
DEAP_DB_REL(56).mp4,relaxation,rock,train
DEAP_DB_REL(57).mp4,relaxation,pop,train
DEAP_DB_REL(59).mp4,relaxation,pop,train
DEAP_DB_REL(60).mp4,relaxation,pop,train
DEAP_DB_REL(61).mp4,relaxation,pop,train
DEAP_DBW_RELX(3).mp4,relaxation,pop,train
DEAP_DBW_RELX(4).mp4,relaxation,pop,train
DEAP_DBW_RELX(5).mp4,relaxation,pop,train
DEAP_DBW_RELX(12).mp4,relaxation,rock,train
DEAP_DBW_RELX(13).mp4,relaxation,rock,train
DEAP_DBW_RELX(29).mp4,relaxation,country,train
FINAL_Relx_DL_Relx(66).mp4,relaxation,classical,train
Rellx_FINAL_DL(6).mp4,relaxation,classical,train
Rellx_FINAL_DL(100).mp4,relaxation,classical,train
Rellx_FINAL_DL(115).mp4,relaxation,classical,train
DEAP_DB_REL(31).mp4,sad,pop,train
DEAP_DB_SSAD(1).mp4,sad,rock,train
DEAP_DB_SSAD(4).mp4,sad,country,train
FINAL_DL_Sad(0).mp4,sad,pop,train
FINAL_DL_Sad(1).mp4,sad,pop,train
FINAL_DL_Sad(2).mp4,sad,pop,train
FINAL_DL_Sad(7).mp4,sad,pop,train
FINAL_DL_Sad(19).mp4,sad,pop,train
FINAL_DL_Sad(60).mp4,sad,country,train
FINAL_DL_Sad(80).mp4,sad,pop,train
FINAL_DL(94)-8-of-14.mp4,sad,pop,train
Rellx_FINAL_DL(88).mp4,sad,classical,train
Rellx_FINAL_DL(89).mp4,sad,classical,train
REVIEW_SAD (13).mp4,sad,classical,train
REVIEW_SAD (60).mp4,sad,pop,train
]REVIEW_SAD (62).mp4,sad,pop,train
SAAD_FINAL_DL(21).mp4,sad,pop,train
SAAD_FINAL_DL(22).mp4,sad,pop,train
Sad_FINAL_DL(53).mp4,sad,pop,train
Sad_FINAL_DL(54).mp4,sad,pop,train
SAD_LLT(12)-5-of-11.mp4,sad,pop,train
SAD_LLT(18)-2-of-11.mp4,sad,rock,train
SAD_LLT(24)-5-of-8.mp4,sad,hiphop,train
SAD_LLT(24)-7-of-8.mp4,sad,hiphop,train
SAD_LLT(25)-6-of-17.mp4,sad,pop,train
SAD_LLT(26)-3-of-11.mp4,sad,pop,train
SAD_LLT(26)-6-of-11.mp4,sad,pop,train
SAD_LLT(27)-5-of-8.mp4,sad,pop,train
SAD_LLT(27)-7-of-8.mp4,sad,pop,train
SAD_LLT(28)-4-of-9.mp4,sad,pop,train
SAD_LLT(28)-6-of-9.mp4,sad,pop,train
SAD_LLT(29)-2-of-6.mp4,sad,pop,train
SAD_LLT(29)-5-of-6.mp4,sad,pop,train
SAD_LLT(30)-3-of-6.mp4,sad,pop,train
SAD_LLT(30)-5-of-6.mp4,sad,pop,train
SAD_LLT(31)-3-of-228.mp4,sad,pop,train
SAD_LLT(31)-40-of-228.mp4,sad,pop,train
SAD_LLT(31)-40-of-228.mp4,sad,pop,train
SAD_LLT(31)-42-of-228.mp4,sad,pop,train
SAD_LLT(31)-51-of-228.mp4,sad,pop,train
SAD_LLT(31)-59-of-228.mp4,sad,pop,train
SAD_LLT(31)-104-of-228.mp4,sad,pop,train
SAD_LLT(31)-120-of-228.mp4,sad,pop,train
SAD_LLT(31)-130-of-228.mp4,sad,pop,train
SAD_LLT(31)-140-of-228.mp4,sad,pop,train
SAD_LLT(31)-146-of-228.mp4,sad,pop,train
SAD_LLT(31)-149-of-228.mp4,sad,pop,train
SAD_LLT(31)-152-of-228.mp4,sad,pop,train
LLT_TENS(8)-2-of-5.mp4,tension,pop,train
LLT_TENS(10)-3-of-9.mp4,tension,hiphop,train
LLT_TENS(10)-6-of-9.mp4,tension,hiphop,train
LLT_TENS(11)-5-of-10.mp4,tension,hiphop,train
LLT_TENS(12)-3-of-11.mp4,tension,hiphop,train
LLT_TENS(12)-4-of-11.mp4,tension,hiphop,train
LLT_TENS(12)-7-of-11.mp4,tension,hiphop,train
LLT_TENS(12)10-of-11.mp4,tension,hiphop,train
LLT_TENS(13)-3-of-11.mp4,tension,rock,train
LLT_TENS(13)-10-of-11.mp4,tension,rock,train
LLT_TENS(14)-2-of-9.mp4,tension,hiphop,train
LLT_TENS(15)-3-of-11.mp4,tension,hiphop,train
REVIEW_TENS(51).mp4,tension,rock,train
REVIEW_TENS(70).mp4,tension,rock,train
SAD_LLT(21)-5-of-9.mp4,tension,rock,train
SAD_LLT(21)-8-of-9.mp4,tension,rock,train
TENS_HE(136)-2-of-7.mp4,tension,rock,train
TENS_HE(146)-7-of-8.mp4,tension,rock,train
TENS_LLT(0)-2-of-6.mp4,tension,hiphop,train
TENS_LLT(0)-5-of-6.mp4,tension,hiphop,train
TENS_LLT(2)-4-of-13.mp4,tension,hiphop,train
TENS_LLT(2)-10-of-13.mp4,tension,hiphop,train
TENS_LLT(3)-5-of-10.mp4,tension,hiphop,train
TENS_LLT(3)-8-of-10.mp4,tension,hiphop,train
TENS_LLT(4)-9-of-10.mp4,tension,hiphop,train
TENS_LLT(5)-2-of-8.mp4,tension,hiphop,train
TENS_LLT(5)-4-of-8.mp4,tension,hiphop,train
TENS_LLT(5)-7-of-8.mp4,tension,hiphop,train
TENS_LLT(6)-2-of-10.mp4,tension,hiphop,train
TENS_LLT(6)-5-of-10.mp4,tension,hiphop,train
TENS_LLT(6)-8-of-10.mp4,tension,hiphop,train
TENS_LLT(7)-2-of-8.mp4,tension,pop,train
TENS_LLT(7)-5-of-8.mp4,tension,pop,train
TENS_LLT(30)).mp4,tension,pop,train
TENS_LLT(34)).mp4,tension,hiphop,train
TENS_MM(0)-2-of-6.mp4,tension,hiphop,train
TENS_MM(0)-4-of-6.mp4,tension,hiphop,train
TENS_MM(0)-5-of-6.mp4,tension,hiphop,train
TENS_MM(1)-2-of-9.mp4,tension,hiphop,train
TENS_MM(1)-5-of-9.mp4,tension,hiphop,train
TENS_MM(1)-8-of-9.mp4,tension,hiphop,train
TENS_MM(2)-2-of-10.mp4,tension,hiphop,train
TENS_MM(2)-6-of-10.mp4,tension,hiphop,train
TENS_MM(2)-9-of-10.mp4,tension,hiphop,train
TENS_MM(3)-2-of-9.mp4,tension,hiphop,train
TENS_MM(3)-5-of-9.mp4,tension,hiphop,train
TENS_MM(3)-8-of-9.mp4,tension,hiphop,train
TENS_MM(4)-3-of-10.mp4,tension,hiphop,train
TENS_MM(4)-6-of-10.mp4,tension,hiphop,train
TENS_MM(4)-9-of-10.mp4,tension,hiphop,train
TENS_MM(5)-2-of-10.mp4,tension,hiphop,train
TENS_MM(5)-6-of-10.mp4,tension,hiphop,train
TENS_MM(5)-9-of-10.mp4,tension,hiphop,train
TENS_MM(6)-2-of-8.mp4,tension,hiphop,train
TENS_MM(6)-2-of-8.mp4,tension,hiphop,train
14.mp4,excited,rock,train
37.mp4,excited,pop,train
102.mp4,excited,pop,train
146.mp4,excited,pop,train
147.mp4,excited,pop,train
150.mp4,excited,pop,train
151.mp4,excited,pop,train
152.mp4,excited,pop,train
155.mp4,excited,pop,train
157.mp4,excited,pop,train
188.mp4,excited,pop,train
189.mp4,excited,pop,train
192.mp4,excited,pop,train
193.mp4,excited,pop,train
237.mp4,excited,pop,train
279.mp4,excited,pop,train
292.mp4,excited,pop,train
Ext_FINAL_DL(1).mp4,excited,pop,train
Ext_FINAL_DL(3).mp4,excited,pop,train
Ext_FINAL_DL(19).mp4,excited,pop,train
Ext_FINAL_DL(20).mp4,excited,pop,train
Ext_FINAL_DL(22).mp4,excited,pop,train
Ext_FINAL_DL(23).mp4,excited,pop,train
EXT_S1(2).mp4,excited,pop,train
FINAL_DL-Ext(1).mp4,excited,pop,train
FINAL_DL-Ext(10).mp4,excited,pop,train
FINAL_DL-Ext(14).mp4,excited,pop,train
FINAL_DL(69)-12-of-27.mp4,excited,pop,train
gn9Tn2-Tt0Q_000090_000120.mp4,excited,pop,train
s6lszE2f4d8_000090_000120.mp4,excited,hiphop,train
TEST_MV(20)-6-of-8.mp4,excited,pop,train
TT(12).mp4,excited,pop,train
DEAP_DB_FEARR(0).mp4,fear,rock,train
DEAP_DB_FEARR(1).mp4,fear,rock,train
DEAP_DB_HR(10).mp4,fear,rock,train
DEAP_DB_HR(15).mp4,fear,rock,train
DEAP_DB_HR(30).mp4,fear,rock,train
DEAP_DB_HR(31).mp4,fear,rock,train
DEAP_DB_HR(32).mp4,fear,blues,train
DEAP_DB_HR(33).mp4,fear,blues,train
DEAP_DB_HR(34).mp4,fear,metal,train
DEAP_DB_HRR(20).mp4,fear,blues,train
DEAP_DB_HRR(21).mp4,fear,classical,train
DEAP_DB_HRR(22).mp4,fear,rock,train
Fear_FINAL_DL(0).mp4,fear,rock,train
Fear_FINAL_DL(1).mp4,fear,rock,train
FINAL_DL_Fear(2).mp4,fear,metal,train
FINAL_DL_Fear(79).mp4,fear,rock,train
FINAL_DL_Fearr(33).mp4,fear,rock,train
FINAL_DL_Fearr(34).mp4,fear,rock,train
FINAL_DL_Fearr(35).mp4,fear,rock,train
FINAL_DL_Fearr(47).mp4,fear,rock,train
FINAL_DL_Fearr(48).mp4,fear,rock,train
FINAL_DL_Fearr(50).mp4,fear,rock,train
FINAL_DL_Fearr(51).mp4,fear,rock,train
FINAL_DL_Fearr(52).mp4,fear,rock,train
FINAL_DL(117)-6-of-8.mp4,fear,rock,train
FINAL_DL(121)-8-of-12.mp4,fear,rock,train
FINAL_FEAR(1).mp4,fear,metal,train
FINAL_FEAR(13).mp4,fear,pop,train
FINAL_FEAR(19).mp4,fear,rock,train
FINAL_FEAR(21).mp4,fear,rock,train
FINAL_FEAR(22).mp4,fear,pop,train
FINAL_FEAR(23).mp4,fear,pop,train
FINAL_FEAR(24).mp4,fear,pop,train
FINAL_FEAR(25).mp4,fear,rock,train
FINAL_FEAR(26).mp4,fear,rock,train
TEST_MV(62)-3-of-8.mp4,fear,metal,train
TT(4).mp4,fear,metal,train
68.mp4,neutral,pop,train
66.mp4,neutral,pop,train
70.mp4,neutral,pop,train
71.mp4,neutral,pop,train
73.mp4,neutral,pop,train
82.mp4,neutral,pop,train
161.mp4,neutral,pop,train
162.mp4,neutral,pop,train
178.mp4,neutral,pop,train
186.mp4,neutral,hiphop,train
266.mp4,neutral,pop,train
HAPPY_HEA(148)-7-of-8.mp4,neutral,pop,train
Happyyy.mp4,neutral,pop,train
HPY_NTR_LLT(23).mp4,neutral,pop,train
HPY_NTR_LLT(41).mp4,neutral,pop,train
HPY_NTR_LLT(49).mp4,neutral,rock,train
HPY_NTR_LLT(50).mp4,neutral,pop,train
HPY_NTR_LLT(51).mp4,neutral,rock,train
NOR_HE(0).mp4,neutral,pop,train
NOR_HE(1).mp4,neutral,hiphop,train
NOR_HE(3).mp4,neutral,hiphop,train
NORM_HEA(8)-7-of-8.mp4,neutral,rock,train
NORM_HEA(14)-6-of-8.mp4,neutral,rock,train
NORM_HEA(18)-2-of-11.mp4,neutral,blues,train
NORM_HEA(24)-3-of-6.mp4,neutral,rock,train
NORM_HEA(41)-2-of-8.mp4,neutral,country,train
REVIEW_NTRL(6).mp4,neutral,pop,train
REVIEW_NTRL(7).mp4,neutral,hiphop,train
REVIEW_NTRL(8).mp4,neutral,hiphop,train
REVIEW_NTRL(8).mp4,neutral,hiphop,train
REVIEW_NTRL(11).mp4,neutral,pop,train
REVIEW_NTRL(12).mp4,neutral,hiphop,train
REVIEW_NTRL(13).mp4,neutral,hiphop,train
REVIEW_NTRL(14).mp4,neutral,reggae,train
REVIEW_NTRL(15).mp4,neutral,rock,train
REVIEW_NTRL(16).mp4,neutral,hiphop,train
REVIEW_NTRL(17).mp4,neutral,pop,train
REVIEW_NTRL(18).mp4,neutral,hiphop,train
REVIEW_NTRL(20).mp4,neutral,pop,train
REVIEW_NTRL(21).mp4,neutral,pop,train
REVIEW_NTRL(22).mp4,neutral,reggae,train
REVIEW_NTRL(23).mp4,neutral,pop,train
REVIEW_NTRL(24).mp4,neutral,pop,train
REVIEW_NTRL(26).mp4,neutral,rock,train
REVIEW_NTRL(27).mp4,neutral,rock,train
REVIEW_NTRL(28).mp4,neutral,hiphop,train
REVIEW_NTRL(30).mp4,neutral,pop,train
REVIEW_NTRL(33).mp4,neutral,hiphop,train
REVIEW_NTRL(35).mp4,neutral,hiphop,train
REVIEW_NTRL(36).mp4,neutral,pop,train
REVIEW_NTRL(38).mp4,neutral,hiphop,train
REVIEW_NTRL(40).mp4,neutral,pop,train
REVIEW_NTRL(41).mp4,neutral,pop,train
REVIEW_NTRL(43).mp4,neutral,pop,train
REVIEW_NTRL(45).mp4,neutral,hiphop,train
REVIEW_NTRL(46).mp4,neutral,hiphop,train
REVIEW_NTRL(47).mp4,neutral,pop,train
REVIEW_NTRL(50).mp4,neutral,pop,train
REVIEW_NTRL(85).mp4,neutral,blues,train
REVIEW_NTRL(103).mp4,neutral,pop,train
TENS_LLT(13)).mp4,neutral,rock,train
TENS_LLT(20)).mp4,neutral,pop,train
TENS_LLT(25)).mp4,neutral,hiphop,train
TEST_MV(2)-3-of-10.mp4,neutral,pop,train
TEST_MV(59)-2-of-7.mp4,neutral,pop,train
TEST_MV(60)-2-of-9.mp4,neutral,pop,train
TEST_MV(77)-4-of-11.mp4,neutral,pop,train
TEST_MV(78)-4-of-9.mp4,neutral,rock,train
TEST(3)-6-of-9.mp4,neutral,pop,train
TEST(4)-2-of-10.mp4,neutral,pop,train
TEST(5)-5-of-7.mp4,neutral,blues,train
FINAL_DL_Relx(103).mp4,relaxation,classical,train
FINAL_Relx_DL_Relx(38).mp4,relaxation,classical,train
FINAL_Relx_DL_Relx(53).mp4,relaxation,classical,train
FINAL_Relx_DL_Relx(54).mp4,relaxation,classical,train
FINAL_Relx_DL_Relx(55).mp4,relaxation,classical,train
Rellx_FINAL_DL(62).mp4,relaxation,classical,train
Rellx_FINAL_DL(97).mp4,relaxation,classical,train
Rellx_FINAL_DL(107).mp4,relaxation,classical,train
Rellx_FINAL_DL(110).mp4,relaxation,classical,train
Rellx_FINAL_DL(111).mp4,relaxation,classical,train
Rellx_FINAL_DL(112).mp4,relaxation,classical,train
Rellx_FINAL_DL(113).mp4,relaxation,classical,train
Rellx_FINAL_DL(114).mp4,relaxation,classical,train
Rellx_FINAL_DL(117).mp4,relaxation,classical,train
Rellx_FINAL_DL(118).mp4,relaxation,classical,train
Rellx_FINAL_DL(120).mp4,relaxation,classical,train
Rellx_FINAL_DL(161).mp4,relaxation,classical,train
Rellx_FINAL_DL(163).mp4,relaxation,classical,train
Rellx_FINAL_DL(164).mp4,relaxation,classical,train
Rellx_FINAL_DL(165).mp4,relaxation,classical,train
Rellx_FINAL_DL(166).mp4,relaxation,classical,train
Rellx_FINAL_DL(167).mp4,relaxation,classical,train
Rellx_FINAL_DL(184).mp4,relaxation,pop,train
Rellx_FINAL_DL(186).mp4,relaxation,classical,train
Rellx_FINAL_DL(188).mp4,relaxation,classical,train
Relx_FINAL_DL(48).mp4,relaxation,classical,train
Relx_FINAL_DL(68).mp4,relaxation,classical,train
Relx_FINAL_DL(69).mp4,relaxation,classical,train
Relx_FINAL_DL(70).mp4,relaxation,classical,train
Relx_FINAL_DL(72).mp4,relaxation,classical,train
Relx_FINAL_DL(73).mp4,relaxation,classical,train
Relx_FINAL_DL(75).mp4,relaxation,classical,train
Relx_FINAL_DL(76).mp4,relaxation,classical,train
Relx_FINAL_DL(79).mp4,relaxation,classical,train
Relx_FINAL_DL(80).mp4,relaxation,classical,train
Relx_FINAL_DL(136).mp4,relaxation,blues,train
Relx_FINAL_DL(152).mp4,relaxation,classical,train
Relx_FINAL_DL(154).mp4,relaxation,classical,train
Relx_FINAL_DL(155).mp4,relaxation,classical,train
Relx_FINAL_DL(156).mp4,relaxation,classical,train
Relx_FINAL_DL(158).mp4,relaxation,classical,train
Relx_FINAL_DL(159).mp4,relaxation,classical,train
DEAP_DB_HR(42).mp4,sad,classical,train
DEAP_DB_HR(43).mp4,sad,classical,train
DEAP_DB_HR(44).mp4,sad,classical,train
DEAP_DB_SSAD(3).mp4,sad,country,train
FINAL_DL_Sad(4).mp4,sad,pop,train
FINAL_DL_Sad(8).mp4,sad,pop,train
FINAL_DL_Sad(10).mp4,sad,pop,train
FINAL_DL_Sad(16).mp4,sad,pop,train
FINAL_DL_Sad(17).mp4,sad,pop,train
FINAL_DL_Sad(20).mp4,sad,pop,train
FINAL_DL_Sad(22).mp4,sad,pop,train
FINAL_DL_Sad(33).mp4,sad,country,train
FINAL_DL_Sad(34).mp4,sad,pop,train
FINAL_DL_Sad(35).mp4,sad,pop,train
FINAL_DL_Sad(36).mp4,sad,pop,train
FINAL_DL_Sad(39).mp4,sad,pop,train
FINAL_DL_Sad(40).mp4,sad,pop,train
FINAL_DL_Sad(44).mp4,sad,pop,train
FINAL_DL_Sad(45).mp4,sad,pop,train
FINAL_DL_Sad(46).mp4,sad,pop,train
FINAL_DL_Sad(47).mp4,sad,pop,train
FINAL_DL_Sad(48).mp4,sad,pop,train
FINAL_DL_Sad(63).mp4,sad,pop,train
FINAL_DL_Sad(64).mp4,sad,pop,train
FINAL_DL_Sad(65).mp4,sad,pop,train
FINAL_DL_Sad(66).mp4,sad,pop,train
FINAL_DL_Sad(67).mp4,sad,pop,train
FINAL_DL_Sad(76).mp4,sad,country,train
FINAL_DL_Sad(77).mp4,sad,country,train
FINAL_DL_Sad(78).mp4,sad,country,train
FINAL_DL_Sad(79).mp4,sad,pop,train
FINAL_DL_Sad(81).mp4,sad,pop,train
FINAL_DL(60)-5-of-10.mp4,sad,pop,train
FINAL_DL(74)-5-of-8.mp4,sad,pop,train
FINAL_DL(83)-5-of-12.mp4,sad,pop,train
REVIEW_SAD (17).mp4,sad,rock,train
REVIEW_SAD (21).mp4,sad,rock,train
REVIEW_SAD (46).mp4,sad,rock,train
REVIEW_SAD (66).mp4,sad,pop,train
SAAD_FINAL_DL(0).mp4,sad,pop,train
Sad_FINAL_DL(34).mp4,sad,pop,train
Sad_FINAL_DL(35).mp4,sad,pop,train
Sad_FINAL_DL(56).mp4,sad,pop,train
Sad_FINAL_DL(82).mp4,sad,pop,train
Sad_FINAL_DL(83).mp4,sad,pop,train
SAD_LLT(0)-2-of-6.mp4,sad,pop,train
SAD_LLT(0)-5-of-6.mp4,sad,pop,train
SAD_LLT(1)-3-of-7.mp4,sad,pop,train
SAD_LLT(1)-6-of-7.mp4,sad,pop,train
SAD_LLT(2)-5-of-9.mp4,sad,pop,train
SAD_LLT(3)-2-of-6.mp4,sad,pop,train
SAD_LLT(3)-4-of-6.mp4,sad,pop,train
SAD_LLT(4)-3-of-10.mp4,sad,pop,train
SAD_LLT(4)-9-of-10.mp4,sad,pop,train
SAD_LLT(6)-1-of-3.mp4,sad,pop,train
SAD_LLT(6)-2-of-3.mp4,sad,pop,train
SAD_LLT(7)-3-of-8.mp4,sad,pop,train
SAD_LLT(7)-7-of-8.mp4,sad,pop,train
SAD_LLT(8)-2-of-10.mp4,sad,pop,train
SAD_LLT(8)-6-of-10.mp4,sad,pop,train
SAD_LLT(8)-9-of-10.mp4,sad,pop,train
SAD_LLT(9)-1-of-2.mp4,sad,pop,train
SAD_LLT(10)-4-of-13.mp4,sad,pop,train
SAD_LLT(10)-12-of-13.mp4,sad,pop,train
SAD_LLT(11)-1-of-2.mp4,sad,pop,train
SAD_LLT(12)-2-of-11.mp4,sad,pop,train
SAD_LLT(12)-9-of-11.mp4,sad,pop,train
SAD_LLT(13)-6-of-10.mp4,sad,pop,train
SAD_LLT(13)-8-of-10.mp4,sad,pop,train
SAD_LLT(13).mp4,sad,pop,train
SAD_LLT(14)-3-of-8.mp4,sad,pop,train
SAD_LLT(15)-2-of-7.mp4,sad,pop,train
SAD_LLT(16)-2-of-9.mp4,sad,pop,train
SAD_LLT(16)-6-of-9.mp4,sad,pop,train
SAD_LLT(17)-5-of-10.mp4,sad,pop,train
SAD_LLT(17)-9-of-10.mp4,sad,pop,train
SAD_LLT(18)-7-of-11.mp4,sad,rock,train
SAD_LLT(19)-6-of-10.mp4,sad,pop,train
SAD_LLT(20)-2-of-5.mp4,sad,pop,train
SAD_LLT(20)-4-of-5.mp4,sad,pop,train
SAD_LLT(22)-4-of-7.mp4,sad,pop,train
SAD_LLT(22)-6-of-7.mp4,sad,pop,train
SAD_LLT(23)-3-of-13.mp4,sad,pop,train
SAD_LLT(23)-7-of-13.mp4,sad,pop,train
SAD_LLT(23)-10-of-13.mp4,sad,pop,train
SAD_LLT(24)-2-of-8.mp4,sad,pop,train
SADA_FINAL_DL(32).mp4,sad,pop,train
SADA_FINAL_DL(33).mp4,sad,pop,train
SADA_FINAL_DL(34).mp4,sad,pop,train
SADA_FINAL_DL(35).mp4,sad,pop,train
TT(19).mp4,sad,pop,train
REVIEW_TENS(31).mp4,tension,pop,train
REVIEW_TENS(44).mp4,tension,hiphop,train
REVIEW_TENS(57).mp4,tension,hiphop,train
REVIEW_TENS(67).mp4,tension,hiphop,train
TENS_HE(144)-8-of-9.mp4,tension,hiphop,train
TENS_LLT(32)).mp4,tension,hiphop,train
TEST_MV(31)-2-of-10.mp4,tension,hiphop,train
TEST_MV(33)-2-of-9.mp4,tension,hiphop,train
TEST_MV(33)-8-of-9.mp4,tension,hiphop,train
TEST_MV(35)-2-of-8.mp4,tension,hiphop,train
TEST_MV(35)-5-of-8.mp4,tension,hiphop,train
TEST_MV(35)-6-of-8.mp4,tension,hiphop,train
TEST_MV(35)-7-of-8.mp4,tension,hiphop,train
TEST_MV(35)-8-of-8.mp4,tension,hiphop,train
TEST_MV(36)-12-of-16.mp4,tension,rock,train
TEST_MV(36)-13-of-16.mp4,tension,rock,train
TEST_MV(37)-19-of-48.mp4,tension,rock,train
TEST_MV(37)-44-of-48.mp4,tension,rock,train
TEST_MV(39)-4-of-10.mp4,tension,hiphop,train
TEST_MV(39)-9-of-10.mp4,tension,hiphop,train
TEST_MV(40)-4-of-11.mp4,tension,hiphop,train
TEST_MV(40)-5-of-11.mp4,tension,hiphop,train
TEST_MV(40)-8-of-11.mp4,tension,hiphop,train
TEST_MV(63)-8-of-9.mp4,tension,metal,train
TEST_MV(81)-3-of-8.mp4,tension,rock,train
TEST_MV(81)-5-of-8.mp4,tension,rock,train
TEST_MV(81)-7-of-8.mp4,tension,rock,train
TEST_MV(82)-3-of-7.mp4,tension,hiphop,train
TEST_MV(82)-5-of-7.mp4,tension,hiphop,train
TEST_MV(83)-2-of-6.mp4,tension,hiphop,train
TEST_MV(83)-5-of-6.mp4,tension,hiphop,train
TEST_MV(84)-5-of-9.mp4,tension,hiphop,train
TT(14)_FFT.mp4,tension,hiphop,train
EXT_S1(32).mp4,excited,pop,train
TEST_MV(16)-3-of-4.mp4,excited,hiphop,train
TEST_MV(17)-3-of-15.mp4,excited,pop,train
TEST_MV(17)-4-of-15.mp4,excited,pop,train
TEST_MV(17)-6-of-15.mp4,excited,hiphop,train
TEST_MV(17)-7-of-15.mp4,excited,disco,train
TEST_MV(17)-10-of-15.mp4,excited,disco,train
TEST_MV(17)-11-of-15.mp4,excited,pop,train
TEST_MV(17)-12-of-15.mp4,excited,pop,train
TEST_MV(17)-13-of-15.mp4,excited,hiphop,train
TEST_MV(17)-14-of-15.mp4,excited,hiphop,train
TEST_MV(18)-3-of-7.mp4,excited,hiphop,train
TEST_MV(18)-4-of-7.mp4,excited,hiphop,train
TEST_MV(18)-5-of-7.mp4,excited,hiphop,train
TEST_MV(18)-6-of-7.mp4,excited,hiphop,train
TEST_MV(19)-2-of-8.mp4,excited,hiphop,train
TEST_MV(19)-4-of-8.mp4,excited,hiphop,train
TEST_MV(19)-6-of-8.mp4,excited,hiphop,train
TEST_MV(20)-4-of-8.mp4,excited,hiphop,train
TEST_MV(21)-13-of-18.mp4,excited,disco,train
TEST_MV(21)-16-of-18.mp4,excited,disco,train
DEAP_DB_FEARR(2).mp4,fear,rock,train
DEAP_DB_HR(0).mp4,fear,metal,train
DEAP_DB_HR(2).mp4,fear,metal,train
DEAP_DB_HR(11).mp4,fear,metal,train
DEAP_DB_HR(17).mp4,fear,metal,train
DEAP_DB_HR(18).mp4,fear,metal,train
DEAP_DB_HR(19).mp4,fear,metal,train
DEAP_DB_HR(23).mp4,fear,metal,train
DEAP_DB_HR(24).mp4,fear,metal,train
DEAP_DB_HR(25).mp4,fear,metal,train
DEAP_DB_HR(26).mp4,fear,metal,train
DEAP_DB_HR(27).mp4,fear,metal,train
DEAP_DB_HR(28).mp4,fear,metal,train
DEAP_DB_HR(29).mp4,fear,metal,train
DEAP_DB_HR(35).mp4,fear,metal,train
DEAP_DB_HR(36).mp4,fear,metal,train
DEAP_DB_HR(38).mp4,fear,metal,train
DEAP_DB_HR(39).mp4,fear,metal,train
DEAP_DB_HR(40).mp4,fear,metal,train
DEAP_DB_HR(48).mp4,fear,metal,train
Exciting_MV_3GPP(5)-2-of-7.mp4,fear,rock,train
FINAL_DL_Fearr(0).mp4,fear,hiphop,train
FINAL_DL_Fearr(1).mp4,fear,hiphop,train
FINAL_DL_Fearr(3).mp4,fear,disco,train
FINAL_DL_Fearr(6).mp4,fear,metal,train
FINAL_DL_Fearr(7).mp4,fear,metal,train
FINAL_DL_Fearr(8).mp4,fear,metal,train
FINAL_DL_Fearr(10).mp4,fear,metal,train
FINAL_DL_Fearr(11).mp4,fear,metal,train
Exciting_MV_NC3(30)-3-of-7.mp4,excited,pop,train
HAPPY_HEA(132)-10-of-11.mp4,excited,pop,train
HAPPY_HEA(135)-4-of-7.mp4,excited,disco,train
HAPPY_HEA(137)-8-of-11.mp4,excited,pop,train
HAPPY_HEA(142)-5-of-8.mp4,excited,pop,train
HAPPY_HEA(143)-2-of-6.mp4,excited,pop,train
HAPPY_HEA(145)-2-of-9.mp4,excited,disco,train
HAPPY_HEA(145)-8-of-9.mp4,excited,pop,train
HAPPY_HEA(146)-4-of-8.mp4,excited,pop,train
HAPPY_HEA(147)-8-of-9.mp4,excited,blues,train
HAPPY_HEA(149)-5-of-7.mp4,excited,disco,train
HAPPY_HEA(175)-2-of-10.mp4,excited,disco,train
HPY_NTR_ADD(21).mp4,excited,pop,train
HPY_NTR_ADD(23).mp4,excited,blues,train
HPY_NTR_ADD(29).mp4,excited,hiphop,train
HPY_NTR_ADD(30).mp4,excited,disco,train
HPY_NTR_LLT(3).mp4,excited,pop,train
HPY_NTR_LLT(17).mp4,excited,pop,train
HPY_NTR_LLT(21).mp4,excited,blues,train
HPY_NTR_LLT(22).mp4,excited,hiphop,train
HPY_NTR_LLT(25).mp4,excited,hiphop,train
HPY_NTR_LLT(26).mp4,excited,blues,train
HPY_NTR_LLT(28).mp4,excited,country,train
HPY_NTR_LLT(35).mp4,excited,country,train
31_Rlx.mp4,relaxation,country,train
106.mp4,relaxation,country,train
FINAL_DL(131)-6-of-11.mp4,relaxation,classical,train
FINAL_Relx_DL_Relx(1).mp4,relaxation,classical,train
FINAL_Relx_DL_Relx(2).mp4,relaxation,classical,train
FINAL_Relx_DL_Relx(3).mp4,relaxation,classical,train
FINAL_Relx_DL_Relx(4).mp4,relaxation,classical,train
FINAL_Relx_DL_Relx(5).mp4,relaxation,classical,train
FINAL_Relx_DL_Relx(6).mp4,relaxation,classical,train
FINAL_Relx_DL_Relx(7).mp4,relaxation,classical,train
FINAL_Relx_DL_Relx(9).mp4,relaxation,classical,train
FINAL_Relx_DL_Relx(10).mp4,relaxation,classical,train
FINAL_Relx_DL_Relx(36).mp4,relaxation,country,train
FINAL_Relx_DL_Relx(40).mp4,relaxation,classical,train
FINAL_Relx_DL_Relx(41).mp4,relaxation,classical,train
FINAL_Relx_DL_Relx(42).mp4,relaxation,classical,train
FINAL_Relx_DL_Relx(57).mp4,relaxation,classical,train
FINAL_Relx_DL_Relx(58).mp4,relaxation,classical,train
FINAL_Relx_DL_Relx(61).mp4,relaxation,classical,train
FINAL_Relx_DL_Relx(62).mp4,relaxation,classical,train
FINAL_Relx_DL_Relx(63).mp4,relaxation,classical,train
FINAL_Relx_DL_Relx(64).mp4,relaxation,classical,train
FINAL_Relx_DL_Relx(65).mp4,relaxation,classical,train
FINAL_Relx_DL_Relx(73).mp4,relaxation,classical,train
FINAL_Relx_DL_Relx(81).mp4,relaxation,classical,train
FINAL_Relx_DL_Relx(83).mp4,relaxation,classical,train
Rellx_FINAL_DL(43).mp4,relaxation,disco,train
Rellx_FINAL_DL(46).mp4,relaxation,classical,train
Rellx_FINAL_DL(47).mp4,relaxation,classical,train
Rellx_FINAL_DL(48).mp4,relaxation,country,train
Rellx_FINAL_DL(49).mp4,relaxation,country,train
Rellx_FINAL_DL(50).mp4,relaxation,country,train
Rellx_FINAL_DL(52).mp4,relaxation,country,train
Rellx_FINAL_DL(53).mp4,relaxation,country,train
Rellx_FINAL_DL(55).mp4,relaxation,classical,train
Rellx_FINAL_DL(71).mp4,relaxation,classical,train
Rellx_FINAL_DL(73).mp4,relaxation,classical,train
Rellx_FINAL_DL(74).mp4,relaxation,classical,train
Rellx_FINAL_DL(105).mp4,relaxation,blues,train
Rellx_FINAL_DL(106).mp4,relaxation,classical,train
Rellx_FINAL_DL(135).mp4,relaxation,classical,train
Rellx_FINAL_DL(138).mp4,relaxation,disco,train
Rellx_FINAL_DL(149).mp4,relaxation,classical,train
Rellx_FINAL_DL(150).mp4,relaxation,classical,train
Rellx_FINAL_DL(151).mp4,relaxation,classical,train
Rellx_FINAL_DL(152).mp4,relaxation,classical,train
Rellx_FINAL_DL(153).mp4,relaxation,classical,train
Rellx_FINAL_DL(154).mp4,relaxation,classical,train
Rellx_FINAL_DL(155).mp4,relaxation,classical,train
Rellx_FINAL_DL(156).mp4,relaxation,classical,train
Rellx_FINAL_DL(168).mp4,relaxation,classical,train
Rellx_FINAL_DL(169).mp4,relaxation,classical,train
Rellx_FINAL_DL(170).mp4,relaxation,classical,train
Rellx_FINAL_DL(196).mp4,relaxation,blues,train
Rellx_FINAL_DL(197).mp4,relaxation,classical,train
Rellx_FINAL_DL(198).mp4,relaxation,classical,train
Rellx_FINAL_DL(202).mp4,relaxation,classical,train
Relx_FINAL_DL(13).mp4,relaxation,classical,train
Relx_FINAL_DL(43).mp4,relaxation,classical,train
Relx_FINAL_DL(44).mp4,relaxation,classical,train
Relx_FINAL_DL(46).mp4,relaxation,classical,train
Relx_FINAL_DL(47).mp4,relaxation,classical,train
Relx_FINAL_DL(49).mp4,relaxation,country,train
Relx_FINAL_DL(50).mp4,relaxation,country,train
Relx_FINAL_DL(51).mp4,relaxation,country,train
Relx_FINAL_DL(52).mp4,relaxation,classical,train
Relx_FINAL_DL(133).mp4,relaxation,blues,train
Relx_FINAL_DL(134).mp4,relaxation,blues,train
Relx_FINAL_DL(135).mp4,relaxation,blues,train
Relx_FINAL_DL(157).mp4,relaxation,classical,train
Relx_FINAL_DL(160).mp4,relaxation,classical,train
Relx_FINAL_DL(163).mp4,relaxation,classical,train
24.mp4,sad,pop,train
99.mp4,sad,pop,train
154.mp4,sad,pop,train
DEAP_DB_SADX(2).mp4,sad,pop,train
DEAP_DB_SSAD(0).mp4,sad,pop,train
DEAP_DBW_SAD(2).mp4,sad,pop,train
FINAL_DL_Sad(12).mp4,sad,pop,train
FINAL_DL_Sad(13).mp4,sad,pop,train
FINAL_DL_Sad(41).mp4,sad,country,train
FINAL_DL_Sad(43).mp4,sad,rock,train
FINAL_DL_Sad(58).mp4,sad,pop,train
FINAL_DL_Sad(62).mp4,sad,pop,train
FINAL_DL_Sad(69).mp4,sad,pop,train
FINAL_DL_Sad(71).mp4,sad,rock,train
FINAL_DL_Sad(72).mp4,sad,rock,train
FINAL_DL_Sad(73).mp4,sad,rock,train
FINAL_Relx_DL_Relx(34).mp4,sad,rock,train
ORG_SAD(0).mp4,sad,classical,train
ORG_SAD(127).mp4,sad,country,train
ORG_SAD(151).mp4,sad,hiphop,train
ORG_SAD(212).mp4,sad,pop,train
ORG_SAD(264).mp4,sad,pop,train
ORG_SAD(265).mp4,sad,pop,train
ORG_SAD(307).mp4,sad,pop,train
ORG_SAD(311).mp4,sad,pop,train
ORG_SAD(315).mp4,sad,pop,train
ORG_SAD(332).mp4,sad,pop,train
Rellx_FINAL_DL(183).mp4,sad,classical,train
REVIEW_SAD (30).mp4,sad,blues,train
REVIEW_SAD (43).mp4,sad,pop,train
REVIEW_SAD (45).mp4,sad,pop,train
REVIEW_SAD (51).mp4,sad,pop,train
REVIEW_SAD (58).mp4,sad,country,train
REVIEW_SAD (63).mp4,sad,pop,train
REVIEW_SAD (64).mp4,sad,pop,train
SAAD_FINAL_DL(1).mp4,sad,classical,train
SAAD_FINAL_DL(6).mp4,sad,pop,train
SAAD_FINAL_DL(7).mp4,sad,pop,train
SAAD_FINAL_DL(8).mp4,sad,pop,train
SAAD_FINAL_DL(9).mp4,sad,pop,train
SAAD_FINAL_DL(10).mp4,sad,pop,train
Sad_FINAL_DL(25).mp4,sad,pop,train
SAD_LLT(1).mp4,sad,pop,train
SAD_LLT(2).mp4,sad,pop,train
SAD_LLT(3).mp4,sad,pop,train
SAD_LLT(4).mp4,sad,pop,train
SAD_LLT(5).mp4,sad,pop,train
SAD_LLT(6).mp4,sad,pop,train
SAD_LLT(43).mp4,sad,pop,train
SAD_LLT(44).mp4,sad,pop,train
SAD_LLT(45).mp4,sad,pop,train
SAD_LLT(46).mp4,sad,blues,train
SAD_LLT(47).mp4,sad,pop,train
SADA_FINAL_DL(30).mp4,sad,country,train
SADA_FINAL_DL(31).mp4,sad,pop,train
SADA_FINAL_DL(36).mp4,sad,pop,train
SADA_FINAL_DL(38).mp4,sad,pop,train
TEST(1)-6-of-7.mp4,sad,classical,train
TEST(2)-5-of-9.mp4,sad,classical,train
TEST_MV(1)-2-of-9.mp4,sad,hiphop,train
TEST_MV(44)-2-of-10.mp4,sad,pop,train
TEST_MV(44)-6-of-10.mp4,sad,country,train
TEST_MV(45)-3-of-7.mp4,sad,country,train
TEST_MV(45)-6-of-7.mp4,sad,country,train
TEST_MV(60)-4-of-9.mp4,sad,pop,train
TEST_MV(76)-4-of-17.mp4,sad,pop,train
TEST_MV(85)-4-of-8.mp4,sad,pop,train
DEAP_DP_TENSMM(17).mp4,tension,classical,train
LLT_TENS(1).mp4,tension,country,train
LLT_TENS(2).mp4,tension,rock,train
ORG_TENS(276).mp4,tension,metal,train
ORG_TENS(278).mp4,tension,pop,train
ORG_TENS(285).mp4,tension,metal,train
REVIEW_NTRL(67).mp4,tension,hiphop,train
REVIEW_TENS(13).mp4,tension,rock,train
REVIEW_TENS(43).mp4,tension,rock,train
REVIEW_TENS(68).mp4,tension,rock,train
REVIEW_TENS(69).mp4,tension,hiphop,train
TENS_HE(152)-6-of-8.mp4,tension,rock,train
TENS_HE(160)-2-of-13.mp4,tension,hiphop,train
TENS_HE(163)-6-of-7.mp4,tension,hiphop,train
TENS_HE(177)-2-of-8.mp4,tension,hiphop,train
TENS_HE(188)-6-of-7.mp4,tension,hiphop,train
TENS_LLT(37)).mp4,tension,rock,train
TENS_LLT(38)).mp4,tension,hiphop,train
TENS_LLT(43)).mp4,tension,hiphop,train
TENS_LLT(53)).mp4,tension,pop,train
TEST_MV(0)-3-of-8.mp4,tension,pop,train
TEST_MV(0)-4-of-8.mp4,tension,pop,train
TEST_MV(1)-4-of-9.mp4,tension,hiphop,train
TEST_MV(1)-6-of-9.mp4,tension,hiphop,train
TEST_MV(30)-2-of-13.mp4,tension,hiphop,train
TEST_MV(30)-5-of-13.mp4,tension,hiphop,train
TEST_MV(30)-8-of-13.mp4,tension,hiphop,train
TEST_MV(30)-9-of-13.mp4,tension,hiphop,train
TEST_MV(31)-6-of-10.mp4,tension,hiphop,train
TEST_MV(31)-8-of-10.mp4,tension,hiphop,train
TEST_MV(32)-2-of-5.mp4,tension,hiphop,train
TEST_MV(32)-4-of-5.mp4,tension,hiphop,train
TEST_MV(33)-6-of-9.mp4,tension,hiphop,train
TT(0).mp4,tension,hiphop,train
TT(6).mp4,tension,hiphop,train
